"Date","Price","Open","High","Low","Vol.","Change %"
"31-12-2024","403.84","423.79","427.93","402.54","76.83M","-3.25%"
"30-12-2024","417.41","419.40","427.00","415.75","64.94M","-3.30%"
"27-12-2024","431.66","449.52","450.00","426.50","82.67M","-4.95%"
"26-12-2024","454.13","465.16","465.33","451.02","76.65M","-1.76%"
"24-12-2024","462.28","435.90","462.78","435.14","59.55M","7.36%"
"23-12-2024","430.60","431.00","434.51","415.41","72.70M","2.27%"
"20-12-2024","421.06","425.51","447.08","417.64","132.22M","-3.46%"
"19-12-2024","436.17","451.88","456.36","420.02","118.57M","-0.90%"
"18-12-2024","440.13","466.49","488.54","427.01","149.34M","-8.28%"
"17-12-2024","479.86","475.90","483.99","457.51","131.22M","3.64%"
"16-12-2024","463.02","441.09","463.19","436.15","114.08M","6.14%"
"13-12-2024","436.23","420.00","436.30","415.71","89.00M","4.34%"
"12-12-2024","418.10","424.84","429.30","415.00","87.75M","-1.57%"
"11-12-2024","424.77","409.70","424.88","402.38","104.29M","5.93%"
"10-12-2024","400.99","392.68","409.73","390.85","97.56M","2.87%"
"09-12-2024","389.79","397.61","404.80","378.01","96.36M","0.15%"
"06-12-2024","389.22","377.42","389.49","370.80","81.46M","5.34%"
"05-12-2024","369.49","359.87","375.43","359.50","81.40M","3.23%"
"04-12-2024","357.93","353.00","358.10","348.60","50.81M","1.85%"
"03-12-2024","351.42","351.80","355.69","348.20","58.27M","-1.59%"
"02-12-2024","357.09","352.38","360.00","351.15","77.99M","3.46%"
"29-11-2024","345.16","336.08","345.45","334.65","37.17M","3.69%"
"27-11-2024","332.89","341.80","342.55","326.59","57.90M","-1.58%"
"26-11-2024","338.23","341.00","346.96","335.66","62.30M","-0.11%"
"25-11-2024","338.59","360.14","361.93","338.20","95.89M","-3.96%"
"22-11-2024","352.56","341.08","361.53","337.70","89.14M","3.80%"
"21-11-2024","339.64","343.81","347.99","335.28","58.01M","-0.70%"
"20-11-2024","342.03","345.00","346.60","334.30","66.34M","-1.15%"
"19-11-2024","346.00","335.76","347.38","332.75","88.85M","2.14%"
"18-11-2024","338.74","340.73","348.55","330.01","126.55M","5.62%"
"15-11-2024","320.72","310.57","324.68","309.22","114.44M","3.07%"
"14-11-2024","311.18","327.69","329.98","310.37","120.73M","-5.77%"
"13-11-2024","330.24","335.85","344.60","322.50","125.41M","0.53%"
"12-11-2024","328.49","342.74","345.84","323.31","155.73M","-6.15%"
"11-11-2024","350.00","346.30","358.64","336.00","210.52M","8.96%"
"08-11-2024","321.22","299.14","328.71","297.66","204.78M","8.19%"
"07-11-2024","296.91","288.89","299.75","285.52","117.31M","2.90%"
"06-11-2024","288.53","284.67","289.59","275.62","165.23M","14.75%"
"05-11-2024","251.44","247.34","255.28","246.21","69.28M","3.54%"
"04-11-2024","242.84","244.56","248.90","238.88","68.80M","-2.47%"
"01-11-2024","248.98","252.04","254.00","246.63","57.55M","-0.35%"
"31-10-2024","249.85","257.99","259.75","249.25","66.58M","-2.99%"
"30-10-2024","257.55","258.04","263.35","255.82","53.99M","-0.76%"
"29-10-2024","259.52","264.51","264.98","255.51","80.52M","-1.14%"
"28-10-2024","262.51","270.00","273.54","262.24","107.65M","-2.48%"
"25-10-2024","269.19","256.01","269.49","255.32","161.61M","3.34%"
"24-10-2024","260.48","244.68","262.12","242.65","204.49M","21.92%"
"23-10-2024","213.65","217.13","218.72","212.11","80.94M","-1.98%"
"22-10-2024","217.97","217.31","218.22","215.26","43.27M","-0.40%"
"21-10-2024","218.85","218.90","220.48","215.73","47.33M","-0.84%"
"18-10-2024","220.70","220.71","222.28","219.23","49.61M","-0.09%"
"17-10-2024","220.89","221.59","222.08","217.90","50.79M","-0.20%"
"16-10-2024","221.33","221.40","222.82","218.93","49.63M","0.80%"
"15-10-2024","219.57","220.01","224.26","217.12","62.99M","0.19%"
"14-10-2024","219.16","220.13","221.91","213.74","86.29M","0.62%"
"11-10-2024","217.80","220.13","223.34","214.38","142.63M","-8.78%"
"10-10-2024","238.77","241.81","242.79","232.34","83.09M","-0.95%"
"09-10-2024","241.05","243.82","247.43","239.51","66.29M","-1.41%"
"08-10-2024","244.50","243.56","246.21","240.56","56.30M","1.52%"
"07-10-2024","240.83","249.00","249.83","240.70","68.11M","-3.70%"
"04-10-2024","250.08","246.69","250.96","244.58","86.73M","3.91%"
"03-10-2024","240.66","244.48","249.79","237.81","80.73M","-3.36%"
"02-10-2024","249.02","247.55","251.16","241.50","93.98M","-3.49%"
"01-10-2024","258.02","262.67","263.98","248.53","87.40M","-1.38%"
"30-09-2024","261.63","259.04","264.86","255.77","80.87M","0.45%"
"27-09-2024","260.46","257.38","260.70","254.12","70.99M","2.45%"
"26-09-2024","254.22","260.60","261.75","251.53","67.14M","-1.09%"
"25-09-2024","257.02","252.54","257.05","252.28","65.03M","1.08%"
"24-09-2024","254.27","254.08","257.19","249.05","88.49M","1.71%"
"23-09-2024","250.00","242.61","250.00","241.92","86.93M","4.93%"
"20-09-2024","238.25","241.52","243.99","235.92","99.88M","-2.32%"
"19-09-2024","243.92","234.00","244.24","232.13","102.70M","7.36%"
"18-09-2024","227.20","230.09","235.68","226.88","78.01M","-0.29%"
"17-09-2024","227.87","229.45","234.57","226.55","66.76M","0.48%"
"16-09-2024","226.78","229.30","229.96","223.53","54.32M","-1.52%"
"13-09-2024","230.29","228.00","232.67","226.32","59.52M","0.21%"
"12-09-2024","229.81","224.66","231.45","223.83","72.02M","0.74%"
"11-09-2024","228.13","224.55","228.47","216.80","83.55M","0.87%"
"10-09-2024","226.17","220.07","226.40","218.64","78.89M","4.58%"
"09-09-2024","216.27","216.20","219.87","213.67","67.44M","2.63%"
"06-09-2024","210.73","232.60","233.60","210.51","112.18M","-8.45%"
"05-09-2024","230.17","223.49","235.00","222.25","119.36M","4.90%"
"04-09-2024","219.41","210.59","222.22","210.57","80.65M","4.18%"
"03-09-2024","210.60","215.26","219.90","209.64","76.71M","-1.64%"
"30-08-2024","214.11","208.63","214.57","207.03","63.37M","3.80%"
"29-08-2024","206.28","209.80","214.89","205.97","62.31M","0.26%"
"28-08-2024","205.75","209.72","211.84","202.59","64.12M","-1.65%"
"27-08-2024","209.21","213.25","215.66","206.94","62.82M","-1.88%"
"26-08-2024","213.21","218.75","219.09","211.01","59.30M","-3.23%"
"23-08-2024","220.32","214.46","221.48","214.21","81.53M","4.59%"
"22-08-2024","210.66","223.82","224.80","210.32","79.51M","-5.65%"
"21-08-2024","223.27","222.67","224.66","218.86","70.15M","0.98%"
"20-08-2024","221.10","224.88","228.22","219.56","74.00M","-0.73%"
"19-08-2024","222.72","217.07","222.98","214.09","76.44M","3.05%"
"16-08-2024","216.12","211.15","219.80","210.80","88.77M","0.92%"
"15-08-2024","214.14","205.02","215.88","204.82","89.85M","6.34%"
"14-08-2024","201.38","207.39","208.44","198.75","70.25M","-3.10%"
"13-08-2024","207.83","198.47","208.49","197.06","76.25M","5.24%"
"12-08-2024","197.49","199.02","199.26","194.67","64.05M","-1.25%"
"09-08-2024","200.00","197.05","200.88","195.11","58.65M","0.58%"
"08-08-2024","198.84","195.70","200.70","192.04","65.03M","3.69%"
"07-08-2024","191.76","200.77","203.49","191.48","71.16M","-4.43%"
"06-08-2024","200.64","200.75","202.90","192.67","73.78M","0.88%"
"05-08-2024","198.88","185.22","203.88","182.00","100.31M","-4.23%"
"02-08-2024","207.67","214.88","216.13","205.78","82.88M","-4.24%"
"01-08-2024","216.86","227.69","231.87","214.33","83.86M","-6.55%"
"31-07-2024","232.07","227.90","234.68","226.79","67.50M","4.24%"
"30-07-2024","222.62","232.25","232.41","220.00","100.56M","-4.08%"
"29-07-2024","232.10","224.90","234.27","224.70","129.20M","5.60%"
"26-07-2024","219.80","221.19","222.28","215.33","94.60M","-0.20%"
"25-07-2024","220.25","216.80","226.00","216.23","100.64M","1.97%"
"24-07-2024","215.99","225.42","225.99","214.71","167.94M","-12.33%"
"23-07-2024","246.38","253.60","255.76","245.63","111.93M","-2.04%"
"22-07-2024","251.51","244.21","253.21","243.75","101.23M","5.15%"
"19-07-2024","239.20","247.79","249.44","236.83","87.40M","-4.02%"
"18-07-2024","249.23","251.09","257.14","247.20","110.87M","0.29%"
"17-07-2024","248.50","252.73","258.47","246.18","115.59M","-3.14%"
"16-07-2024","256.56","255.31","258.62","245.80","126.33M","1.55%"
"15-07-2024","252.64","255.97","265.60","251.73","146.91M","1.78%"
"12-07-2024","248.23","235.80","251.84","233.09","155.96M","2.99%"
"11-07-2024","241.03","263.30","271.00","239.65","221.71M","-8.44%"
"10-07-2024","263.26","262.80","267.59","257.86","128.52M","0.35%"
"09-07-2024","262.33","251.00","265.61","250.30","160.74M","3.71%"
"08-07-2024","252.94","247.71","259.44","244.57","157.22M","0.56%"
"05-07-2024","251.52","249.81","252.37","242.46","154.50M","2.08%"
"03-07-2024","246.39","234.56","248.35","234.25","166.56M","6.54%"
"02-07-2024","231.26","218.89","231.30","218.06","205.05M","10.20%"
"01-07-2024","209.86","201.02","213.23","200.85","135.69M","6.05%"
"28-06-2024","197.88","199.55","203.20","195.26","95.44M","0.23%"
"27-06-2024","197.42","195.17","198.72","194.05","72.75M","0.53%"
"26-06-2024","196.37","186.54","197.76","186.36","95.74M","4.81%"
"25-06-2024","187.35","184.40","187.97","182.01","63.68M","2.61%"
"24-06-2024","182.58","184.97","188.80","182.55","61.99M","-0.23%"
"21-06-2024","183.01","182.30","183.95","180.69","63.03M","0.79%"
"20-06-2024","181.57","184.68","185.21","179.66","55.89M","-1.78%"
"18-06-2024","184.86","186.56","187.20","182.37","68.98M","-1.38%"
"17-06-2024","187.44","177.92","188.81","177.00","109.79M","5.30%"
"14-06-2024","178.01","185.80","186.00","176.92","82.04M","-2.44%"
"13-06-2024","182.47","188.39","191.08","181.23","118.98M","2.92%"
"12-06-2024","177.29","171.12","180.55","169.80","90.39M","3.88%"
"11-06-2024","170.66","173.92","174.75","167.41","64.76M","-1.80%"
"10-06-2024","173.79","176.06","178.57","173.17","50.87M","-2.08%"
"07-06-2024","177.48","176.13","179.35","175.58","56.25M","-0.26%"
"06-06-2024","177.94","174.60","179.73","172.73","69.89M","1.68%"
"05-06-2024","175.00","175.35","176.15","172.13","57.95M","0.13%"
"04-06-2024","174.77","174.77","177.76","174.00","60.06M","-0.86%"
"03-06-2024","176.29","178.13","182.64","174.49","68.57M","-1.01%"
"31-05-2024","178.08","178.50","180.32","173.82","67.32M","-0.40%"
"30-05-2024","178.79","178.57","182.67","175.38","77.79M","1.48%"
"29-05-2024","176.19","174.19","178.15","173.93","54.78M","-0.32%"
"28-05-2024","176.75","176.40","178.25","173.16","59.74M","-1.39%"
"24-05-2024","179.24","174.84","180.08","173.73","65.58M","3.17%"
"23-05-2024","173.74","181.80","181.90","173.26","71.98M","-3.54%"
"22-05-2024","180.11","182.85","183.80","178.12","88.31M","-3.48%"
"21-05-2024","186.60","175.51","186.88","174.71","115.27M","6.66%"
"20-05-2024","174.95","177.56","177.75","173.52","61.73M","-1.41%"
"17-05-2024","177.46","173.55","179.63","172.75","77.45M","1.50%"
"16-05-2024","174.84","174.10","175.79","171.43","59.81M","0.49%"
"15-05-2024","173.99","179.90","180.00","173.11","79.66M","-2.01%"
"14-05-2024","177.55","174.50","179.49","174.07","86.41M","3.29%"
"13-05-2024","171.89","170.00","175.40","169.00","67.02M","2.03%"
"10-05-2024","168.47","173.05","173.06","167.75","72.63M","-2.04%"
"09-05-2024","171.97","175.01","175.62","171.37","65.95M","-1.57%"
"08-05-2024","174.72","171.59","176.06","170.15","79.97M","-1.74%"
"07-05-2024","177.81","182.40","183.26","177.40","75.05M","-3.76%"
"06-05-2024","184.76","183.80","187.56","182.20","84.39M","1.97%"
"03-05-2024","181.19","182.10","184.78","178.42","75.49M","0.66%"
"02-05-2024","180.01","182.86","184.60","176.02","89.15M","0.01%"
"01-05-2024","179.99","182.00","185.86","179.01","92.83M","-1.80%"
"30-04-2024","183.28","186.98","190.95","182.84","127.03M","-5.55%"
"29-04-2024","194.05","188.42","198.87","184.54","243.87M","15.31%"
"26-04-2024","168.29","168.85","172.12","166.37","109.82M","-1.11%"
"25-04-2024","170.18","158.96","170.88","158.36","126.43M","4.97%"
"24-04-2024","162.13","162.84","167.97","157.51","181.18M","12.06%"
"23-04-2024","144.68","143.33","147.26","141.11","124.55M","1.85%"
"22-04-2024","142.05","140.56","144.44","138.80","107.10M","-3.40%"
"19-04-2024","147.05","148.97","150.94","146.22","87.08M","-1.92%"
"18-04-2024","149.93","151.25","152.20","148.70","96.10M","-3.55%"
"17-04-2024","155.45","157.64","158.33","153.78","82.44M","-1.06%"
"16-04-2024","157.11","156.74","158.19","153.75","97.00M","-2.71%"
"15-04-2024","161.48","170.24","170.69","161.38","100.25M","-5.59%"
"12-04-2024","171.05","172.34","173.81","170.36","64.72M","-2.03%"
"11-04-2024","174.60","172.55","175.88","168.51","94.52M","1.65%"
"10-04-2024","171.76","173.04","174.93","170.01","84.53M","-2.89%"
"09-04-2024","176.88","172.91","179.22","171.92","103.23M","2.25%"
"08-04-2024","172.98","169.34","174.50","167.79","104.42M","4.90%"
"05-04-2024","164.90","169.08","170.86","160.51","143.16M","-3.63%"
"04-04-2024","171.11","170.07","177.19","168.01","123.16M","1.62%"
"03-04-2024","168.38","164.02","168.82","163.28","82.95M","1.05%"
"02-04-2024","166.63","164.75","167.69","163.43","116.65M","-4.90%"
"01-04-2024","175.22","176.17","176.75","170.21","81.56M","-0.32%"
"28-03-2024","175.79","177.45","179.57","175.30","77.66M","-2.25%"
"27-03-2024","179.83","181.41","181.91","176.00","81.80M","1.22%"
"26-03-2024","177.67","178.58","184.25","177.38","113.19M","2.92%"
"25-03-2024","172.63","168.76","175.24","168.73","74.23M","1.05%"
"22-03-2024","170.83","166.69","171.20","166.30","75.58M","-1.15%"
"21-03-2024","172.82","176.39","178.18","171.80","73.18M","-1.62%"
"20-03-2024","175.66","173.00","176.25","170.82","83.85M","2.53%"
"19-03-2024","171.32","172.36","172.82","167.42","77.27M","-1.43%"
"18-03-2024","173.80","170.02","174.72","165.90","108.21M","6.25%"
"15-03-2024","163.57","163.16","165.18","160.76","97.15M","0.66%"
"14-03-2024","162.50","167.77","171.17","160.51","126.33M","-4.12%"
"13-03-2024","169.48","173.05","176.05","169.15","106.53M","-4.54%"
"12-03-2024","177.54","177.77","179.43","172.41","87.39M","-0.13%"
"11-03-2024","177.77","175.45","182.87","174.80","85.39M","1.39%"
"08-03-2024","175.34","181.50","182.73","174.70","85.55M","-1.85%"
"07-03-2024","178.65","174.35","180.04","173.70","102.13M","1.20%"
"06-03-2024","176.54","179.99","181.58","173.70","107.92M","-2.32%"
"05-03-2024","180.74","183.05","184.59","177.57","119.66M","-3.93%"
"04-03-2024","188.14","198.73","199.75","186.72","134.34M","-7.16%"
"01-03-2024","202.64","200.52","204.52","198.50","82.24M","0.38%"
"29-02-2024","201.88","204.18","205.28","198.45","85.91M","-0.08%"
"28-02-2024","202.04","200.42","205.30","198.44","99.81M","1.16%"
"27-02-2024","199.73","204.04","205.60","198.26","108.65M","0.17%"
"26-02-2024","199.40","192.29","201.78","192.00","111.75M","3.87%"
"23-02-2024","191.97","195.31","197.57","191.50","78.84M","-2.76%"
"22-02-2024","197.41","194.00","198.32","191.36","92.74M","1.36%"
"21-02-2024","194.77","193.36","199.44","191.95","103.84M","0.52%"
"20-02-2024","193.76","196.13","198.60","189.13","104.55M","-3.10%"
"16-02-2024","199.95","202.06","203.17","197.40","111.35M","-0.25%"
"15-02-2024","200.45","189.16","200.88","188.86","120.83M","6.22%"
"14-02-2024","188.71","185.30","188.89","183.35","81.20M","2.55%"
"13-02-2024","184.02","183.99","187.26","182.11","86.76M","-2.18%"
"12-02-2024","188.13","192.11","194.73","187.28","95.50M","-2.81%"
"09-02-2024","193.57","190.18","194.12","189.48","84.48M","2.12%"
"08-02-2024","189.56","189.00","191.62","185.58","83.03M","1.06%"
"07-02-2024","187.58","188.18","189.79","182.68","111.54M","1.34%"
"06-02-2024","185.10","177.21","186.49","177.11","122.68M","2.23%"
"05-02-2024","181.06","184.26","184.68","175.01","134.29M","-3.65%"
"02-02-2024","187.91","185.04","188.69","182.00","110.61M","-0.50%"
"01-02-2024","188.86","188.50","189.88","184.28","91.84M","0.84%"
"31-01-2024","187.29","186.99","193.97","185.85","103.22M","-2.24%"
"30-01-2024","191.59","195.33","196.36","190.61","109.98M","0.35%"
"29-01-2024","190.93","185.63","191.48","183.67","125.01M","4.19%"
"26-01-2024","183.25","185.50","186.78","182.10","107.34M","0.34%"
"25-01-2024","182.63","189.70","193.00","180.06","198.08M","-12.13%"
"24-01-2024","207.83","211.88","212.73","206.77","123.37M","-0.63%"
"23-01-2024","209.14","211.30","215.65","207.75","106.61M","0.16%"
"22-01-2024","208.80","212.26","217.80","206.27","117.95M","-1.60%"
"19-01-2024","212.19","209.99","213.19","207.56","102.26M","0.15%"
"18-01-2024","211.88","216.88","217.45","208.74","108.60M","-1.70%"
"17-01-2024","215.55","214.86","215.67","212.01","103.16M","-1.98%"
"16-01-2024","219.91","215.10","223.49","212.18","115.36M","0.47%"
"12-01-2024","218.89","220.08","225.34","217.15","123.04M","-3.67%"
"11-01-2024","227.22","230.57","230.93","225.37","105.87M","-2.87%"
"10-01-2024","233.94","235.10","235.50","231.29","91.63M","-0.43%"
"09-01-2024","234.96","238.11","238.96","232.04","96.71M","-2.28%"
"08-01-2024","240.45","236.14","241.25","235.30","85.17M","1.25%"
"05-01-2024","237.49","236.86","240.12","234.90","92.49M","-0.18%"
"04-01-2024","237.93","239.25","242.70","237.73","102.63M","-0.22%"
"03-01-2024","238.45","244.98","245.68","236.32","121.08M","-4.01%"
"02-01-2024","248.42","250.08","251.25","244.41","104.65M","-0.02%"
"29-12-2023","248.48","255.10","255.19","247.43","100.89M","-1.86%"
"28-12-2023","253.18","263.66","265.13","252.71","113.62M","-3.16%"
"27-12-2023","261.44","258.35","263.34","257.52","106.49M","1.88%"
"26-12-2023","256.61","254.49","257.97","252.91","86.89M","1.61%"
"22-12-2023","252.54","256.76","258.22","251.37","93.37M","-0.77%"
"21-12-2023","254.50","251.90","254.80","248.55","109.59M","2.98%"
"20-12-2023","247.14","256.41","259.84","247.00","125.10M","-3.92%"
"19-12-2023","257.22","253.48","258.34","253.01","106.74M","2.04%"
"18-12-2023","252.08","253.78","258.74","251.36","116.42M","-0.56%"
"15-12-2023","253.50","251.21","254.13","248.30","135.93M","0.98%"
"14-12-2023","251.05","241.22","253.88","240.79","160.83M","4.91%"
"13-12-2023","239.29","234.19","240.30","228.20","146.29M","0.96%"
"12-12-2023","237.01","238.55","238.99","233.87","95.33M","-1.14%"
"11-12-2023","239.74","242.74","243.44","237.45","97.91M","-1.68%"
"08-12-2023","243.84","240.27","245.27","239.27","103.13M","0.49%"
"07-12-2023","242.64","241.55","244.08","236.98","107.14M","1.37%"
"06-12-2023","239.37","242.92","246.57","239.17","126.44M","0.27%"
"05-12-2023","238.72","233.87","246.66","233.70","137.97M","1.33%"
"04-12-2023","235.58","235.75","239.37","233.29","104.10M","-1.36%"
"01-12-2023","238.83","233.14","240.19","231.90","121.33M","-0.52%"
"30-11-2023","240.08","245.14","245.22","236.91","132.35M","-1.66%"
"29-11-2023","244.14","249.21","252.75","242.76","135.40M","-1.05%"
"28-11-2023","246.72","236.68","247.00","234.01","148.55M","4.51%"
"27-11-2023","236.08","236.89","238.33","232.10","112.03M","0.27%"
"24-11-2023","235.45","233.75","238.75","232.33","65.13M","0.53%"
"22-11-2023","234.21","242.04","244.01","231.40","118.12M","-2.90%"
"21-11-2023","241.20","235.04","243.62","233.34","122.29M","2.38%"
"20-11-2023","235.60","234.04","237.10","231.02","116.56M","0.55%"
"17-11-2023","234.30","232.00","237.39","226.54","142.77M","0.30%"
"16-11-2023","233.59","239.49","240.88","230.96","136.82M","-3.81%"
"15-11-2023","242.84","239.29","246.70","236.45","150.35M","2.29%"
"14-11-2023","237.41","235.03","238.13","230.72","149.77M","6.12%"
"13-11-2023","223.71","215.60","225.40","211.61","140.45M","4.22%"
"10-11-2023","214.65","210.03","215.38","205.69","131.31M","2.22%"
"09-11-2023","209.98","219.75","220.80","206.68","142.11M","-5.46%"
"08-11-2023","222.11","223.15","224.15","217.64","106.59M","-0.03%"
"07-11-2023","222.18","219.98","223.12","215.72","116.90M","1.33%"
"06-11-2023","219.27","223.98","226.32","215.00","117.34M","-0.31%"
"03-11-2023","219.96","221.15","226.37","218.40","119.54M","0.66%"
"02-11-2023","218.51","212.97","219.20","211.45","125.99M","6.25%"
"01-11-2023","205.66","204.04","205.99","197.85","121.66M","2.40%"
"31-10-2023","200.84","196.12","202.80","194.07","118.07M","1.76%"
"30-10-2023","197.36","209.28","210.88","194.67","136.45M","-4.79%"
"27-10-2023","207.30","210.60","212.41","205.77","94.88M","0.75%"
"26-10-2023","205.76","211.32","214.80","204.88","115.11M","-3.14%"
"25-10-2023","212.42","215.88","220.10","212.20","107.07M","-1.89%"
"24-10-2023","216.52","216.50","222.05","214.11","118.23M","2.09%"
"23-10-2023","212.08","210.00","216.98","202.51","150.68M","0.04%"
"20-10-2023","211.99","217.01","218.86","210.42","138.01M","-3.69%"
"19-10-2023","220.11","225.95","230.61","216.78","170.77M","-9.30%"
"18-10-2023","242.68","252.70","254.63","242.08","125.15M","-4.78%"
"17-10-2023","254.85","250.10","257.18","247.08","93.56M","0.37%"
"16-10-2023","253.92","250.05","255.40","248.48","88.92M","1.12%"
"13-10-2023","251.12","258.90","259.60","250.22","102.30M","-2.99%"
"12-10-2023","258.87","262.92","265.41","256.63","111.51M","-1.57%"
"11-10-2023","262.99","266.20","268.60","260.90","103.71M","-0.24%"
"10-10-2023","263.62","257.75","268.94","257.65","122.66M","1.52%"
"09-10-2023","259.67","255.31","261.36","252.05","101.38M","-0.33%"
"06-10-2023","260.53","253.98","261.65","250.65","118.12M","0.18%"
"05-10-2023","260.05","260.00","263.60","256.25","119.16M","-0.43%"
"04-10-2023","261.16","248.14","261.86","247.60","129.72M","5.93%"
"03-10-2023","246.53","248.61","250.02","244.45","101.99M","-2.02%"
"02-10-2023","251.60","244.81","254.28","242.62","123.81M","0.55%"
"29-09-2023","250.22","250.00","254.77","246.35","128.52M","1.56%"
"28-09-2023","246.38","240.02","247.55","238.65","117.06M","2.44%"
"27-09-2023","240.50","244.26","245.33","234.58","136.60M","-1.48%"
"26-09-2023","244.12","242.98","249.55","241.66","101.99M","-1.16%"
"25-09-2023","246.99","243.38","247.10","238.31","104.64M","0.86%"
"22-09-2023","244.88","257.40","257.79","244.48","127.52M","-4.23%"
"21-09-2023","255.70","257.85","260.86","254.21","119.95M","-2.62%"
"20-09-2023","262.59","267.04","273.93","262.46","122.52M","-1.47%"
"19-09-2023","266.50","264.35","267.85","261.20","103.70M","0.46%"
"18-09-2023","265.28","271.16","271.44","263.76","101.54M","-3.32%"
"15-09-2023","274.39","277.55","278.98","271.00","133.69M","-0.60%"
"14-09-2023","276.04","271.32","276.71","270.42","107.71M","1.75%"
"13-09-2023","271.30","270.07","274.98","268.10","111.67M","1.43%"
"12-09-2023","267.48","270.76","278.39","266.60","136.00M","-2.23%"
"11-09-2023","273.58","264.27","274.85","260.61","174.67M","10.09%"
"08-09-2023","248.50","251.22","256.52","246.67","118.56M","-1.19%"
"07-09-2023","251.49","245.07","252.81","243.26","115.31M","-0.17%"
"06-09-2023","251.92","255.13","255.39","245.06","116.96M","-1.78%"
"05-09-2023","256.49","245.00","258.00","244.86","129.47M","4.69%"
"01-09-2023","245.01","257.26","259.08","242.01","132.54M","-5.06%"
"31-08-2023","258.08","255.98","261.18","255.05","108.86M","0.46%"
"30-08-2023","256.90","254.20","260.51","250.59","121.99M","-0.11%"
"29-08-2023","257.18","238.58","257.48","237.77","134.05M","7.69%"
"28-08-2023","238.82","242.58","244.38","235.35","107.67M","0.10%"
"25-08-2023","238.59","231.31","239.00","230.35","106.61M","3.72%"
"24-08-2023","230.04","238.66","238.92","228.18","99.78M","-2.88%"
"23-08-2023","236.86","229.34","238.98","229.29","101.08M","1.57%"
"22-08-2023","233.19","240.25","240.82","229.55","130.60M","0.83%"
"21-08-2023","231.28","221.55","232.13","220.58","135.70M","7.33%"
"18-08-2023","215.49","214.12","217.58","212.36","136.28M","-1.70%"
"17-08-2023","219.22","226.06","226.74","218.83","120.72M","-2.83%"
"16-08-2023","225.60","228.02","233.97","225.38","112.49M","-3.16%"
"15-08-2023","232.96","238.73","240.50","232.61","88.20M","-2.84%"
"14-08-2023","239.76","235.70","240.66","233.75","98.60M","-1.19%"
"11-08-2023","242.65","241.77","243.79","238.02","99.04M","-1.10%"
"10-08-2023","245.34","245.40","251.80","243.00","109.50M","1.30%"
"09-08-2023","242.19","250.87","251.10","241.90","101.60M","-3.01%"
"08-08-2023","249.70","247.45","250.92","245.01","96.64M","-0.70%"
"07-08-2023","251.45","251.45","253.65","242.76","111.10M","-0.95%"
"04-08-2023","253.86","260.97","264.77","253.11","99.54M","-2.11%"
"03-08-2023","259.32","252.04","260.49","252.00","97.83M","2.05%"
"02-08-2023","254.11","255.57","259.52","250.49","101.75M","-2.67%"
"01-08-2023","261.07","266.26","266.47","260.25","83.65M","-2.38%"
"31-07-2023","267.43","267.48","269.08","263.78","84.58M","0.37%"
"28-07-2023","266.44","259.86","267.25","258.23","111.45M","4.20%"
"27-07-2023","255.71","268.31","269.13","255.30","103.70M","-3.27%"
"26-07-2023","264.35","263.25","268.04","261.75","95.86M","-0.35%"
"25-07-2023","265.28","272.38","272.90","265.00","112.76M","-1.40%"
"24-07-2023","269.06","255.85","269.85","254.12","137.00M","3.48%"
"21-07-2023","260.02","268.00","268.00","255.80","161.80M","-1.10%"
"20-07-2023","262.90","279.56","280.93","261.20","175.16M","-9.74%"
"19-07-2023","291.26","296.04","299.29","289.52","142.36M","-0.71%"
"18-07-2023","293.34","290.15","295.26","286.01","112.44M","1.02%"
"17-07-2023","290.38","286.63","292.23","283.57","131.57M","3.20%"
"14-07-2023","281.38","277.01","285.30","276.31","120.06M","1.25%"
"13-07-2023","277.90","274.59","279.45","270.60","112.68M","2.17%"
"12-07-2023","271.99","276.33","276.52","271.46","95.67M","0.82%"
"11-07-2023","269.79","268.65","270.90","266.37","91.97M","0.07%"
"10-07-2023","269.61","276.47","277.52","265.10","119.43M","-1.76%"
"07-07-2023","274.43","278.43","280.78","273.77","113.88M","-0.76%"
"06-07-2023","276.54","278.09","279.97","272.88","120.71M","-2.10%"
"05-07-2023","282.48","278.82","283.85","277.60","131.53M","0.95%"
"03-07-2023","279.82","276.49","284.25","275.11","119.69M","6.90%"
"30-06-2023","261.77","260.60","264.45","259.89","112.62M","1.66%"
"29-06-2023","257.50","258.03","260.74","253.61","131.28M","0.49%"
"28-06-2023","256.24","249.70","259.88","248.89","159.77M","2.41%"
"27-06-2023","250.21","243.24","250.39","240.85","164.97M","3.80%"
"26-06-2023","241.05","250.07","258.37","240.70","179.99M","-6.06%"
"23-06-2023","256.60","259.29","262.45","252.80","177.46M","-3.03%"
"22-06-2023","264.61","250.77","265.00","248.25","166.88M","1.98%"
"21-06-2023","259.46","275.13","276.99","257.78","211.80M","-5.46%"
"20-06-2023","274.45","261.50","274.75","261.12","165.61M","5.34%"
"16-06-2023","260.54","258.92","263.60","257.21","167.92M","1.81%"
"15-06-2023","255.90","248.40","258.95","247.29","160.17M","-0.35%"
"14-06-2023","256.79","260.17","261.57","250.50","170.58M","-0.74%"
"13-06-2023","258.71","253.51","259.68","251.34","162.38M","3.55%"
"12-06-2023","249.83","247.94","250.97","244.59","150.74M","2.22%"
"09-06-2023","244.40","249.07","252.42","242.02","200.24M","4.06%"
"08-06-2023","234.86","224.22","235.23","223.01","164.49M","4.58%"
"07-06-2023","224.57","228.00","230.83","223.20","185.71M","1.47%"
"06-06-2023","221.31","216.14","221.91","212.53","146.91M","1.70%"
"05-06-2023","217.61","217.80","221.29","214.52","151.14M","1.70%"
"02-06-2023","213.97","210.15","217.25","209.75","164.40M","3.11%"
"01-06-2023","207.52","202.59","209.80","199.37","148.03M","1.76%"
"31-05-2023","203.93","199.78","203.95","195.12","150.71M","1.38%"
"30-05-2023","201.16","200.10","204.48","197.53","128.82M","4.14%"
"26-05-2023","193.17","184.62","198.60","184.53","162.06M","4.72%"
"25-05-2023","184.47","186.54","186.78","180.58","96.87M","0.86%"
"24-05-2023","182.90","182.23","184.22","178.22","137.60M","-1.54%"
"23-05-2023","185.77","186.20","192.96","185.26","156.95M","-1.64%"
"22-05-2023","188.87","180.70","189.32","180.11","132.00M","4.85%"
"19-05-2023","180.14","177.17","181.95","176.31","136.20M","1.84%"
"18-05-2023","176.89","174.22","177.06","172.45","109.52M","1.74%"
"17-05-2023","173.86","168.41","174.50","167.18","125.47M","4.41%"
"16-05-2023","166.52","165.65","169.52","164.35","98.29M","0.10%"
"15-05-2023","166.35","167.65","169.76","164.55","105.59M","-0.97%"
"12-05-2023","167.98","176.07","177.38","167.23","157.85M","-2.38%"
"11-05-2023","172.08","168.70","173.57","166.79","103.89M","2.10%"
"10-05-2023","168.54","172.55","174.43","166.68","119.84M","-0.36%"
"09-05-2023","169.15","168.95","169.82","166.56","88.97M","-1.54%"
"08-05-2023","171.79","173.72","173.80","169.19","112.25M","1.02%"
"05-05-2023","170.06","163.97","170.79","163.51","107.61M","5.50%"
"04-05-2023","161.20","162.71","162.95","159.65","95.11M","0.37%"
"03-05-2023","160.61","160.01","165.00","159.91","119.73M","0.19%"
"02-05-2023","160.31","161.88","165.49","158.93","128.26M","-0.94%"
"01-05-2023","161.83","163.17","163.28","158.83","109.02M","-1.51%"
"28-04-2023","164.31","160.90","165.00","157.32","122.52M","2.57%"
"27-04-2023","160.19","152.64","160.48","152.37","127.02M","4.19%"
"26-04-2023","153.75","160.29","160.67","153.14","153.36M","-4.31%"
"25-04-2023","160.67","159.82","163.47","158.75","122.00M","-1.16%"
"24-04-2023","162.55","164.65","165.65","158.61","140.01M","-1.53%"
"21-04-2023","165.08","164.80","166.00","161.32","123.54M","1.28%"
"20-04-2023","162.99","166.16","169.70","160.56","210.97M","-9.75%"
"19-04-2023","180.59","179.10","183.50","177.65","125.73M","-2.02%"
"18-04-2023","184.31","187.15","187.69","183.58","92.07M","-1.46%"
"17-04-2023","187.04","186.32","189.69","182.69","116.66M","1.10%"
"14-04-2023","185.00","183.95","186.28","182.01","96.44M","-0.48%"
"13-04-2023","185.90","182.96","186.50","180.94","112.93M","2.97%"
"12-04-2023","180.54","190.74","191.58","180.31","150.26M","-3.35%"
"11-04-2023","186.79","186.69","189.19","185.65","115.77M","1.24%"
"10-04-2023","184.51","179.94","185.10","176.11","142.16M","-0.30%"
"06-04-2023","185.06","183.08","186.39","179.74","123.86M","-0.25%"
"05-04-2023","185.52","190.51","190.68","183.76","133.88M","-3.67%"
"04-04-2023","192.58","197.32","198.74","190.32","126.46M","-1.12%"
"03-04-2023","194.77","199.91","202.69","192.20","169.55M","-6.12%"
"31-03-2023","207.46","197.53","207.79","197.20","170.22M","6.24%"
"30-03-2023","195.28","195.58","197.33","194.42","110.25M","0.72%"
"29-03-2023","193.88","193.13","195.29","189.44","123.66M","2.48%"
"28-03-2023","189.19","192.00","192.35","185.43","98.66M","-1.37%"
"27-03-2023","191.81","194.41","197.39","189.94","120.85M","0.74%"
"24-03-2023","190.41","191.65","192.36","187.15","116.53M","-0.94%"
"23-03-2023","192.22","195.26","199.31","188.65","144.19M","0.56%"
"22-03-2023","191.15","199.30","200.66","190.95","150.38M","-3.25%"
"21-03-2023","197.58","188.28","198.00","188.04","153.39M","7.82%"
"20-03-2023","183.25","178.08","186.44","176.35","129.68M","1.73%"
"17-03-2023","180.13","184.51","186.22","177.33","133.20M","-2.17%"
"16-03-2023","184.13","180.37","185.81","178.84","121.37M","2.04%"
"15-03-2023","180.45","180.80","182.34","176.03","146.00M","-1.53%"
"14-03-2023","183.26","177.31","183.80","177.14","143.72M","5.03%"
"13-03-2023","174.48","167.46","177.35","163.91","167.79M","0.60%"
"10-03-2023","173.44","175.13","178.29","168.44","191.49M","0.30%"
"09-03-2023","172.92","180.25","185.18","172.51","170.02M","-4.99%"
"08-03-2023","182.00","185.04","186.50","180.00","151.90M","-3.04%"
"07-03-2023","187.71","191.38","194.20","186.10","148.13M","-3.15%"
"06-03-2023","193.81","198.54","198.60","192.30","128.10M","-2.01%"
"03-03-2023","197.79","194.79","200.48","192.88","154.19M","3.61%"
"02-03-2023","190.90","186.74","193.75","186.01","181.98M","-5.85%"
"01-03-2023","202.77","206.21","207.20","198.52","156.85M","-1.43%"
"28-02-2023","205.71","210.59","211.23","203.75","153.14M","-0.92%"
"27-02-2023","207.63","202.03","209.42","201.26","161.03M","5.46%"
"24-02-2023","196.88","196.32","197.67","192.80","142.23M","-2.57%"
"23-02-2023","202.07","203.91","205.14","196.33","146.36M","0.60%"
"22-02-2023","200.86","197.93","201.99","191.78","191.83M","1.77%"
"21-02-2023","197.37","204.99","209.71","197.22","180.02M","-5.25%"
"17-02-2023","208.31","199.99","208.44","197.50","213.74M","3.10%"
"16-02-2023","202.04","210.78","217.65","201.84","229.59M","-5.69%"
"15-02-2023","214.24","211.76","214.66","206.11","182.11M","2.38%"
"14-02-2023","209.25","191.94","209.82","189.44","216.46M","7.51%"
"13-02-2023","194.64","194.41","196.30","187.61","172.48M","-1.14%"
"10-02-2023","196.89","202.23","206.20","192.89","204.75M","-5.03%"
"09-02-2023","207.32","207.77","214.00","204.77","215.43M","3.00%"
"08-02-2023","201.29","196.10","203.00","194.31","180.67M","2.28%"
"07-02-2023","196.81","196.43","197.50","189.55","186.01M","1.05%"
"06-02-2023","194.76","193.01","198.17","189.92","186.19M","2.52%"
"03-02-2023","189.98","183.95","199.00","183.69","232.66M","0.91%"
"02-02-2023","188.27","187.32","196.75","182.61","217.45M","3.78%"
"01-02-2023","181.41","173.89","183.80","169.93","213.81M","4.73%"
"31-01-2023","173.22","164.57","174.30","162.78","196.81M","3.94%"
"30-01-2023","166.66","178.05","179.77","166.50","230.88M","-6.32%"
"27-01-2023","177.90","162.43","180.68","161.17","306.59M","11.00%"
"26-01-2023","160.27","159.96","161.42","154.76","234.82M","10.97%"
"25-01-2023","144.43","141.90","146.41","138.07","192.73M","0.38%"
"24-01-2023","143.89","143.00","146.50","141.10","158.70M","0.10%"
"23-01-2023","143.75","135.87","145.38","134.27","203.12M","7.74%"
"20-01-2023","133.42","128.68","133.51","127.35","138.86M","4.91%"
"19-01-2023","127.17","127.26","129.99","124.31","170.29M","-1.25%"
"18-01-2023","128.78","136.55","136.68","127.01","195.68M","-2.06%"
"17-01-2023","131.49","125.69","131.70","125.02","186.48M","7.43%"
"13-01-2023","122.40","116.55","122.63","115.60","180.71M","-0.94%"
"12-01-2023","123.56","122.56","124.13","117.00","169.40M","0.28%"
"11-01-2023","123.22","122.09","125.95","120.51","183.81M","3.68%"
"10-01-2023","118.85","121.07","122.76","114.92","167.64M","-0.77%"
"09-01-2023","119.77","118.96","123.52","117.11","190.28M","5.93%"
"06-01-2023","113.06","103.00","114.39","101.81","220.91M","2.47%"
"05-01-2023","110.34","110.51","111.75","107.16","157.99M","-2.90%"
"04-01-2023","113.64","109.11","114.59","107.52","180.39M","5.12%"
"03-01-2023","108.10","118.47","118.80","104.64","231.40M","-12.24%"
"30-12-2022","123.18","119.95","124.48","119.75","157.78M","1.12%"
"29-12-2022","121.82","120.39","123.57","117.50","221.92M","8.08%"
"28-12-2022","112.71","110.35","116.27","108.24","221.07M","3.31%"
"27-12-2022","109.10","117.50","119.67","108.76","208.64M","-11.41%"
"23-12-2022","123.15","126.37","128.62","121.02","166.99M","-1.76%"
"22-12-2022","125.35","136.00","136.63","122.26","210.09M","-8.88%"
"21-12-2022","137.57","139.34","141.26","135.89","145.42M","-0.17%"
"20-12-2022","137.80","146.05","148.47","137.66","159.56M","-8.05%"
"19-12-2022","149.87","154.00","155.25","145.82","139.39M","-0.24%"
"16-12-2022","150.23","159.63","160.99","150.04","139.03M","-4.72%"
"15-12-2022","157.67","153.44","160.93","153.28","122.33M","0.55%"
"14-12-2022","156.80","159.25","161.62","155.31","140.68M","-2.58%"
"13-12-2022","160.95","174.87","175.05","156.91","175.86M","-4.09%"
"12-12-2022","167.82","176.10","177.37","167.52","109.79M","-6.27%"
"09-12-2022","179.05","173.84","182.50","173.36","104.87M","3.23%"
"08-12-2022","173.44","172.20","175.20","169.06","97.62M","-0.34%"
"07-12-2022","174.04","175.03","179.38","172.22","84.21M","-3.21%"
"06-12-2022","179.82","181.21","183.65","175.33","92.15M","-1.44%"
"05-12-2022","182.45","189.44","191.27","180.55","93.12M","-6.37%"
"02-12-2022","194.86","191.78","196.25","191.11","73.65M","0.08%"
"01-12-2022","194.70","197.08","198.92","191.80","80.05M","0.00%"
"30-11-2022","194.70","182.43","194.76","180.63","109.19M","7.67%"
"29-11-2022","180.83","184.99","186.38","178.75","83.36M","-1.14%"
"28-11-2022","182.92","179.96","188.50","179.00","93.04M","0.03%"
"25-11-2022","182.86","185.06","185.20","180.63","50.67M","-0.19%"
"23-11-2022","183.20","173.57","183.62","172.50","109.54M","7.82%"
"22-11-2022","169.91","168.63","170.92","166.18","78.45M","1.22%"
"21-11-2022","167.87","175.85","176.77","167.54","92.88M","-6.84%"
"18-11-2022","180.19","185.05","185.19","176.55","76.05M","-1.63%"
"17-11-2022","183.17","183.96","186.16","180.90","64.34M","-2.01%"
"16-11-2022","186.92","191.51","192.57","185.66","66.57M","-3.86%"
"15-11-2022","194.42","195.88","200.82","192.06","91.29M","1.82%"
"14-11-2022","190.95","192.77","195.73","186.34","92.23M","-2.56%"
"11-11-2022","195.97","186.00","196.52","182.59","114.40M","2.75%"
"10-11-2022","190.72","189.90","191.00","180.03","132.70M","7.39%"
"09-11-2022","177.59","190.77","195.89","177.12","127.06M","-7.17%"
"08-11-2022","191.30","194.02","195.20","186.75","128.80M","-2.93%"
"07-11-2022","197.08","208.65","208.90","196.66","93.92M","-5.01%"
"04-11-2022","207.47","222.60","223.80","203.08","98.62M","-3.64%"
"03-11-2022","215.31","211.36","221.20","210.14","56.54M","0.15%"
"02-11-2022","214.98","226.04","227.87","214.82","63.07M","-5.64%"
"01-11-2022","227.82","234.05","237.40","227.28","62.69M","0.12%"
"31-10-2022","227.54","226.19","229.85","221.94","61.55M","-0.43%"
"28-10-2022","228.52","225.40","228.86","216.35","69.15M","1.52%"
"27-10-2022","225.09","229.77","233.81","222.85","61.64M","0.20%"
"26-10-2022","224.64","219.40","230.60","218.20","85.33M","1.00%"
"25-10-2022","222.41","210.10","224.35","210.00","96.51M","5.29%"
"24-10-2022","211.25","205.82","213.50","198.59","100.45M","-1.49%"
"21-10-2022","214.44","206.41","214.66","203.80","75.71M","3.45%"
"20-10-2022","207.28","208.28","215.55","202.00","117.80M","-6.65%"
"19-10-2022","222.04","219.80","222.93","217.78","66.57M","0.84%"
"18-10-2022","220.19","229.50","229.82","217.25","75.89M","0.38%"
"17-10-2022","219.35","210.04","221.86","209.45","79.43M","7.01%"
"14-10-2022","204.99","224.01","226.26","204.16","94.13M","-7.55%"
"13-10-2022","221.72","208.30","222.99","206.22","91.48M","2.06%"
"12-10-2022","217.24","215.33","219.30","211.51","66.86M","0.34%"
"11-10-2022","216.50","220.95","225.75","215.00","77.01M","-2.90%"
"10-10-2022","222.96","223.93","226.99","218.36","67.93M","-0.05%"
"07-10-2022","223.07","233.93","234.57","222.02","83.92M","-6.32%"
"06-10-2022","238.13","239.44","244.58","235.35","69.30M","-1.11%"
"05-10-2022","240.81","245.01","246.67","233.27","86.98M","-3.46%"
"04-10-2022","249.44","250.52","257.50","242.01","109.58M","2.90%"
"03-10-2022","242.40","254.50","255.16","241.01","98.36M","-8.61%"
"30-09-2022","265.25","266.14","275.57","262.47","67.73M","-1.10%"
"29-09-2022","268.21","282.76","283.65","265.78","77.62M","-6.81%"
"28-09-2022","287.81","283.08","289.00","277.57","54.67M","1.72%"
"27-09-2022","282.94","283.84","288.67","277.51","61.93M","2.51%"
"26-09-2022","276.01","271.83","284.09","270.31","58.08M","0.25%"
"23-09-2022","275.33","283.09","284.50","272.82","63.75M","-4.59%"
"22-09-2022","288.59","299.86","301.29","285.82","70.55M","-4.06%"
"21-09-2022","300.80","308.29","313.80","300.63","62.56M","-2.57%"
"20-09-2022","308.73","306.91","313.33","305.58","61.64M","-0.11%"
"19-09-2022","309.07","300.09","309.84","297.80","60.23M","1.89%"
"16-09-2022","303.35","299.61","303.71","295.60","87.09M","-0.13%"
"15-09-2022","303.75","301.83","309.12","300.72","64.80M","0.38%"
"14-09-2022","302.61","292.24","306.00","291.64","72.63M","3.59%"
"13-09-2022","292.13","292.90","297.40","290.40","68.23M","-4.04%"
"12-09-2022","304.42","300.72","305.49","300.40","48.68M","1.58%"
"09-09-2022","299.68","291.67","299.85","291.24","54.47M","3.60%"
"08-09-2022","289.26","281.30","289.50","279.76","53.71M","1.96%"
"07-09-2022","283.70","273.10","283.84","272.27","50.03M","3.38%"
"06-09-2022","274.42","272.67","275.99","265.74","55.86M","1.56%"
"02-09-2022","270.21","281.07","282.35","269.08","50.89M","-2.51%"
"01-09-2022","277.16","272.58","277.58","266.15","54.29M","0.56%"
"31-08-2022","275.61","280.62","281.25","271.81","52.11M","-0.75%"
"30-08-2022","277.70","287.86","288.48","272.65","50.54M","-2.50%"
"29-08-2022","284.82","282.83","287.74","280.70","41.87M","-1.14%"
"26-08-2022","288.09","297.43","302.00","287.47","57.16M","-2.70%"
"25-08-2022","296.07","302.36","302.96","291.60","53.23M","-0.35%"
"24-08-2022","297.10","297.56","303.65","296.50","57.26M","0.22%"
"23-08-2022","296.45","291.45","298.83","287.92","63.99M","2.26%"
"22-08-2022","289.91","291.91","292.40","286.30","55.84M","-2.28%"
"19-08-2022","296.67","299.00","300.36","292.50","61.40M","-2.05%"
"18-08-2022","302.87","306.00","306.50","301.85","47.50M","-0.37%"
"17-08-2022","304.00","303.40","309.66","300.03","68.77M","-0.84%"
"16-08-2022","306.56","311.67","314.67","302.88","88.14M","-0.89%"
"15-08-2022","309.32","301.79","313.13","301.23","89.36M","3.10%"
"12-08-2022","300.03","289.41","300.16","285.03","79.66M","4.68%"
"11-08-2022","286.63","296.51","298.24","285.83","70.16M","-2.62%"
"10-08-2022","294.36","297.07","297.51","283.37","94.92M","3.89%"
"09-08-2022","283.33","290.29","292.40","279.35","86.25M","-2.44%"
"08-08-2022","290.42","295.00","305.20","289.09","99.37M","0.78%"
"05-08-2022","288.17","302.67","304.61","285.54","113.17M","-6.63%"
"04-08-2022","308.63","311.00","313.61","305.00","72.26M","0.40%"
"03-08-2022","307.40","305.00","309.55","301.15","80.09M","2.27%"
"02-08-2022","300.59","294.00","307.83","292.67","95.58M","1.11%"
"01-08-2022","297.28","301.27","311.88","295.00","117.04M","0.04%"
"29-07-2022","297.15","280.70","298.32","279.10","95.31M","5.78%"
"28-07-2022","280.90","280.07","283.30","272.80","84.72M","2.21%"
"27-07-2022","274.82","263.81","275.93","261.79","88.11M","6.17%"
"26-07-2022","258.86","266.51","267.31","256.26","66.82M","-3.57%"
"25-07-2022","268.43","272.22","274.15","267.40","64.07M","-1.40%"
"22-07-2022","272.24","276.22","280.79","270.71","103.47M","0.20%"
"21-07-2022","271.71","255.11","273.27","254.87","142.03M","9.78%"
"20-07-2022","247.50","246.78","250.66","243.48","88.86M","0.80%"
"19-07-2022","245.53","245.00","247.14","236.98","80.89M","2.07%"
"18-07-2022","240.55","244.94","250.52","239.60","82.54M","0.20%"
"15-07-2022","240.07","240.00","243.62","236.89","69.68M","0.74%"
"14-07-2022","238.31","234.90","238.65","229.33","78.56M","0.54%"
"13-07-2022","237.04","225.50","242.06","225.03","97.96M","1.70%"
"12-07-2022","233.07","236.85","239.77","228.37","87.93M","-0.54%"
"11-07-2022","234.34","252.10","253.06","233.63","99.51M","-6.55%"
"08-07-2022","250.76","242.33","254.98","241.16","101.85M","2.54%"
"07-07-2022","244.54","233.92","245.36","232.21","81.93M","5.53%"
"06-07-2022","231.73","230.78","234.56","227.19","71.85M","-0.57%"
"05-07-2022","233.07","223.00","233.15","216.17","84.78M","2.55%"
"01-07-2022","227.26","227.00","230.23","222.12","74.46M","1.24%"
"30-06-2022","224.47","224.51","229.46","218.86","94.60M","-1.76%"
"29-06-2022","228.49","230.50","231.17","222.27","82.90M","-1.79%"
"28-06-2022","232.66","244.48","249.97","232.34","90.67M","-5.00%"
"27-06-2022","244.92","249.37","252.07","242.57","89.18M","-0.32%"
"24-06-2022","245.71","237.47","246.07","236.09","95.77M","4.52%"
"23-06-2022","235.07","237.90","239.32","228.64","104.20M","-0.43%"
"22-06-2022","236.09","234.50","246.83","233.83","101.53M","-0.40%"
"21-06-2022","237.04","224.60","243.58","224.33","122.79M","9.35%"
"17-06-2022","216.76","213.43","220.97","213.20","92.64M","1.72%"
"16-06-2022","213.10","222.74","225.17","208.69","107.39M","-8.54%"
"15-06-2022","233.00","220.92","235.66","218.15","119.13M","5.48%"
"14-06-2022","220.89","218.29","226.33","211.74","97.99M","2.39%"
"13-06-2022","215.74","223.17","226.63","214.68","102.77M","-7.10%"
"10-06-2022","232.23","235.16","239.50","227.91","98.09M","-3.12%"
"09-06-2022","239.71","249.34","255.55","239.33","96.49M","-0.89%"
"08-06-2022","241.87","240.09","249.96","239.18","76.21M","1.25%"
"07-06-2022","238.89","234.00","240.00","230.09","72.81M","0.25%"
"06-06-2022","238.28","244.35","244.87","234.35","84.21M","1.60%"
"03-06-2022","234.52","243.22","247.80","233.42","112.39M","-9.22%"
"02-06-2022","258.33","244.16","264.21","242.07","93.47M","4.68%"
"01-06-2022","246.79","251.72","257.33","243.64","77.25M","-2.36%"
"31-05-2022","252.75","257.95","259.60","244.74","101.91M","-0.18%"
"27-05-2022","253.21","241.08","253.27","240.18","89.30M","7.33%"
"26-05-2022","235.91","220.47","239.56","217.89","106.00M","7.43%"
"25-05-2022","219.60","207.95","223.11","207.67","92.14M","4.88%"
"24-05-2022","209.39","217.84","217.97","206.86","89.09M","-6.93%"
"23-05-2022","224.97","218.34","226.65","212.69","88.90M","1.66%"
"20-05-2022","221.30","238.00","240.53","211.00","144.97M","-6.42%"
"19-05-2022","236.47","235.67","244.67","231.37","90.30M","-0.05%"
"18-05-2022","236.60","248.17","253.50","233.60","87.81M","-6.80%"
"17-05-2022","253.87","249.12","254.83","242.95","80.24M","5.14%"
"16-05-2022","241.46","255.72","256.59","239.70","86.10M","-5.88%"
"13-05-2022","256.53","257.83","262.45","250.52","92.15M","5.71%"
"12-05-2022","242.67","233.67","253.22","226.67","140.31M","-0.82%"
"11-05-2022","244.67","265.00","269.92","242.40","97.23M","-8.25%"
"10-05-2022","266.68","273.10","275.12","258.08","84.40M","1.64%"
"09-05-2022","262.37","278.82","281.88","260.38","90.81M","-9.07%"
"06-05-2022","288.55","295.67","296.00","281.03","72.90M","-0.87%"
"05-05-2022","291.09","313.07","315.20","285.90","92.52M","-8.33%"
"04-05-2022","317.54","301.31","318.50","295.09","81.64M","4.77%"
"03-05-2022","303.08","301.06","308.03","296.20","63.71M","0.70%"
"02-05-2022","300.98","286.92","302.12","282.68","75.78M","3.70%"
"29-04-2022","290.25","300.75","311.47","290.00","88.13M","-0.77%"
"28-04-2022","292.50","299.99","300.00","273.90","124.95M","-0.45%"
"27-04-2022","293.84","299.53","306.00","292.45","76.96M","0.58%"
"26-04-2022","292.14","331.81","333.33","291.67","136.13M","-12.18%"
"25-04-2022","332.67","326.32","336.21","325.10","68.34M","-0.70%"
"22-04-2022","335.02","338.30","344.95","331.33","69.70M","-0.37%"
"21-04-2022","336.26","358.24","364.07","332.14","105.42M","3.23%"
"20-04-2022","325.73","343.33","344.67","325.08","70.71M","-4.96%"
"19-04-2022","342.72","335.02","344.98","331.77","49.85M","2.38%"
"18-04-2022","334.76","329.68","338.31","324.47","51.72M","1.96%"
"14-04-2022","328.33","333.10","337.57","327.40","58.42M","-3.66%"
"13-04-2022","340.79","327.02","342.08","324.37","55.12M","3.59%"
"12-04-2022","328.98","332.55","340.40","325.53","65.98M","1.13%"
"11-04-2022","325.31","326.80","336.16","324.88","59.36M","-4.83%"
"08-04-2022","341.83","347.74","349.48","340.81","55.01M","-3.00%"
"07-04-2022","352.42","350.80","358.86","340.51","79.45M","1.10%"
"06-04-2022","348.59","357.82","359.67","342.57","89.35M","-4.17%"
"05-04-2022","363.75","378.77","384.29","362.43","80.08M","-4.73%"
"04-04-2022","381.82","363.13","383.30","357.51","82.18M","5.61%"
"01-04-2022","361.53","360.38","364.92","355.55","54.26M","0.65%"
"31-03-2022","359.20","364.86","367.71","358.88","48.99M","-1.50%"
"30-03-2022","364.66","363.72","371.32","361.33","59.87M","-0.51%"
"29-03-2022","366.52","369.33","371.59","357.70","73.61M","0.71%"
"28-03-2022","363.95","355.03","365.96","351.20","102.51M","8.04%"
"25-03-2022","336.88","336.00","340.60","332.44","62.03M","-0.32%"
"24-03-2022","337.97","336.58","341.50","329.60","68.92M","1.48%"
"23-03-2022","333.04","326.65","346.90","325.47","120.68M","0.52%"
"22-03-2022","331.33","310.00","332.62","307.25","105.87M","7.91%"
"21-03-2022","307.05","304.99","314.28","302.36","81.98M","1.74%"
"18-03-2022","301.80","291.50","302.62","289.13","100.41M","3.88%"
"17-03-2022","290.53","277.00","291.67","275.24","66.58M","3.73%"
"16-03-2022","280.08","269.67","280.67","267.42","84.03M","4.78%"
"15-03-2022","267.30","258.42","268.52","252.19","66.84M","4.63%"
"14-03-2022","255.46","260.20","266.90","252.01","71.15M","-3.64%"
"11-03-2022","265.12","280.07","281.27","264.59","67.04M","-5.12%"
"10-03-2022","279.43","283.82","284.82","270.12","58.65M","-2.41%"
"09-03-2022","286.32","279.83","286.85","277.34","59.18M","4.19%"
"08-03-2022","274.80","265.18","283.33","260.72","80.40M","2.46%"
"07-03-2022","268.19","285.43","288.71","268.19","72.49M","-4.02%"
"04-03-2022","279.43","283.03","285.22","275.05","67.18M","-0.12%"
"03-03-2022","279.76","292.92","295.48","277.53","61.62M","-4.62%"
"02-03-2022","293.30","290.71","295.49","281.42","74.64M","1.80%"
"01-03-2022","288.12","289.89","296.63","284.59","74.77M","-0.70%"
"28-02-2022","290.14","271.67","292.29","271.57","99.01M","7.48%"
"25-02-2022","269.96","269.74","273.17","260.80","76.07M","1.14%"
"24-02-2022","266.92","233.46","267.49","233.33","135.32M","4.81%"
"23-02-2022","254.68","276.81","278.43","253.52","95.26M","-7.00%"
"22-02-2022","273.84","278.04","285.58","267.03","83.29M","-4.14%"
"18-02-2022","285.66","295.33","295.62","279.20","68.50M","-2.21%"
"17-02-2022","292.12","304.42","306.17","291.37","55.18M","-5.09%"
"16-02-2022","307.80","304.68","308.81","300.40","51.29M","0.10%"
"15-02-2022","307.48","300.00","307.67","297.79","57.65M","5.33%"
"14-02-2022","291.92","287.19","299.63","284.38","67.76M","1.83%"
"11-02-2022","286.67","303.21","305.32","283.57","79.65M","-4.93%"
"10-02-2022","301.52","302.79","314.60","298.90","66.13M","-2.95%"
"09-02-2022","310.67","311.67","315.42","306.67","52.26M","1.09%"
"08-02-2022","307.33","301.84","308.76","298.27","50.73M","1.61%"
"07-02-2022","302.45","307.93","315.92","300.90","60.99M","-1.73%"
"04-02-2022","307.77","299.07","312.17","293.72","73.63M","3.61%"
"03-02-2022","297.05","294.00","312.33","293.51","78.86M","-1.60%"
"02-02-2022","301.89","309.39","310.50","296.47","66.79M","-2.75%"
"01-02-2022","310.42","311.74","314.57","301.67","73.14M","-0.58%"
"31-01-2022","312.24","290.90","312.66","287.35","104.44M","10.68%"
"28-01-2022","282.12","277.19","285.83","264.00","134.79M","2.08%"
"27-01-2022","276.37","311.12","311.80","276.33","147.11M","-11.55%"
"26-01-2022","312.47","317.48","329.23","302.00","104.87M","2.07%"
"25-01-2022","306.13","304.73","317.09","301.07","86.60M","-1.25%"
"24-01-2022","310.00","301.59","311.17","283.82","152.38M","-1.47%"
"21-01-2022","314.63","332.11","334.85","313.50","103.42M","-5.26%"
"20-01-2022","332.09","336.58","347.22","331.33","70.49M","0.06%"
"19-01-2022","331.88","347.23","351.56","331.67","75.44M","-3.38%"
"18-01-2022","343.50","342.20","356.93","338.69","66.99M","-1.82%"
"14-01-2022","349.87","339.96","350.67","337.79","72.92M","1.75%"
"13-01-2022","343.85","369.69","371.87","342.18","97.21M","-6.75%"
"12-01-2022","368.74","359.62","371.61","357.53","83.74M","3.93%"
"11-01-2022","354.80","351.22","358.62","346.27","66.06M","0.59%"
"10-01-2022","352.71","333.33","353.03","326.67","91.81M","3.04%"
"07-01-2022","342.32","360.12","360.31","336.67","84.16M","-3.54%"
"06-01-2022","354.90","359.00","362.67","340.17","90.34M","-2.15%"
"05-01-2022","362.71","382.22","390.11","360.34","80.12M","-5.35%"
"04-01-2022","383.20","396.52","402.67","374.35","100.25M","-4.18%"
"03-01-2022","399.93","382.58","400.36","378.68","104.69M","13.53%"